{
  "firstNotFiltered": [
    -42,
    -42,
    -56,
    -56,
    -42,
    -42,
    -43,
    -55,
    -55,
    -43,
    -44,
    -43,
    -47,
    -52,
    -54,
    -43,
    -43,
    -43,
    -43,
    -52
  ],
  "firstFiltered": [
    -42,
    -42,
    -47.21194932879561,
    -49.92789373814042,
    -47.728041231019475,
    -46.2352051427491,
    -45.42225160400849,
    -47.77850573251884,
    -49.5333677543302,
    -47.95701141293203,
    -47.00621307384086,
    -46.04589683979444,
    -46.27428441741569,
    -47.64377020396346,
    -49.16335503450633,
    -47.690278536437376,
    -46.569450892088675,
    -45.71654273046581,
    -45.067468134822555,
    -46.723835804907054
  ],
  "secondNotFiltered": [
    -54,
    -54,
    -73,
    -68,
    -55,
    -54,
    -64,
    -71,
    -66,
    -53,
    -53,
    -52,
    -64,
    -67,
    -48,
    -50,
    -52,
    -52,
    -63,
    -62
  ],
  "secondFiltered": [
    -54,
    -54,
    -61.07335980336548,
    -63.214035866970185,
    -60.93478390013262,
    -59.12744780513182,
    -60.351839574659756,
    -62.9714293702895,
    -63.707388353513345,
    -61.123933668953946,
    -59.17189920827878,
    -57.452746703978306,
    -59.01998951662029,
    -60.928661153530015,
    -57.83780415204408,
    -55.96452490264121,
    -55.017129332619405,
    -54.2961965308357,
    -56.375831669259405,
    -57.719596223872585
  ]
}